-- phpMyAdmin SQL Dump
-- version 4.7.5
-- https://www.phpmyadmin.net/
--
-- Host: localhost
-- Generation Time: Mar 15, 2018 at 09:06 AM
-- Server version: 5.7.21-0ubuntu0.16.04.1-log
-- PHP Version: 7.0.28

SET SQL_MODE = "NO_AUTO_VALUE_ON_ZERO";
SET AUTOCOMMIT = 0;
START TRANSACTION;
SET time_zone = "+00:00";


/*!40101 SET @OLD_CHARACTER_SET_CLIENT=@@CHARACTER_SET_CLIENT */;
/*!40101 SET @OLD_CHARACTER_SET_RESULTS=@@CHARACTER_SET_RESULTS */;
/*!40101 SET @OLD_COLLATION_CONNECTION=@@COLLATION_CONNECTION */;
/*!40101 SET NAMES utf8mb4 */;

--
-- Database: `dooball`
--

-- --------------------------------------------------------

--
-- Table structure for table `admin`
--

CREATE TABLE `admin` (
  `admin_id` int(100) NOT NULL,
  `admin_username` varchar(255) NOT NULL,
  `admin_password` varchar(255) NOT NULL,
  `admin_date` datetime NOT NULL
) ENGINE=InnoDB DEFAULT CHARSET=utf8;

--
-- Dumping data for table `admin`
--

INSERT INTO `admin` (`admin_id`, `admin_username`, `admin_password`, `admin_date`) VALUES
(1, 'admin', 'admin1234', '0000-00-00 00:00:00');

-- --------------------------------------------------------

--
-- Table structure for table `channel`
--

CREATE TABLE `channel` (
  `ch_id` int(100) NOT NULL,
  `ch_name` varchar(255) NOT NULL,
  `ch_url` varchar(255) NOT NULL,
  `ch_date` datetime NOT NULL
) ENGINE=InnoDB DEFAULT CHARSET=utf8;

--
-- Dumping data for table `channel`
--

INSERT INTO `channel` (`ch_id`, `ch_name`, `ch_url`, `ch_date`) VALUES
(18, 'PPTV', '//play.sport888.co/football/ShowLiveFootball/55l94l84l84l94l84l55l94l84ll5l77l86l/75l65l65a5l75l94l45l94l75l84l25l84l55l94l67l77l', '2018-01-04 11:48:23'),
(19, '3FAM', '//play.sport888.co/football/ShowLiveFootball/55l94l84l84l94l84l55l94l84ll5l77l86l/15l65l25ll5l65l94l35l94l35l84l75l84l55l94l67l77l', '2017-11-21 21:05:24'),
(20, '3HD', '//play.sport888.co/football/ShowLiveFootball/55l94l84l84l94l84l55l94l84ll5l77l86l/25l75l45l25l55l94l35l94l35l84l75l84l55l94l67l77l', '2017-11-21 21:05:28'),
(21, '7HD', '//play.sport888.co/football/ShowLiveFootball/55l94l84l84l94l84l55l94l84ll5l77l86l/55l25l25l35ll5l25l75l94l94ll5l25l84l55l94l67l77l', '2017-11-21 21:05:35'),
(22, '9COT', '//play.sport888.co/football/ShowLiveFootball/55l94l84l84l94l84l55l94l84ll5l77l86l/55l25l25l35ll5l25l75l94l94ll5l25l84l55l94l67l77l', '2017-11-21 21:05:40'),
(23, '9FAM', '//play.sport888.co/football/ShowLiveFootball/55l94l84l84l94l84l55l94l84ll5l77l86l/65l45a5ll5l25l35l75l94l94ll5l25l84l55l94l67l77l', '2017-11-21 21:06:19'),
(24, '9MHD', '//play.sport888.co/football/ShowLiveFootball/55l94l84l84l94l84l55l94l84ll5l77l86l/35l65l75l94l55a5ll5l94l25l84l25l84l55l94l67l77l', '2017-11-21 21:06:34'),
(25, 'A1', '//play.sport888.co/football/ShowLiveFootball/55l94l84l84l94l84l55l94l84ll5l77l86l/94l35l45ll5l84l84l94ll5l84ll5l35l84l55l94l67l77l', '2017-11-21 21:07:04'),
(26, 'A2', '//play.sport888.co/football/ShowLiveFootball/55l94l84l84l94l84l55l94l84ll5l77l86l/75l75l25a5l45l25l25l84l84ll5l45l84l55l94l67l77l', '2017-11-21 21:07:18'),
(27, 'A3', '//play.sport888.co/football/ShowLiveFootball/55l94l84l84l94l84l55l94l84ll5l77l86l/65l75ll5l35a5l35a5l94l94ll5ll5l84l55l94l67l77l', '2017-11-21 21:07:32'),
(28, 'BT1', '//play.sport888.co/football/ShowLiveFootball/55l94l84l84l94l84l55l94l84ll5l77l86l/25ll5l65a5ll5ll5l84ll5l45l84l35l84l55l94l67l77l', '2017-11-21 21:07:48'),
(29, 'BT3', '//play.sport888.co/football/ShowLiveFootball/55l94l84l84l94l84l55l94l84ll5l77l86l/75ll5a5a5l55ll5a5l84l65ll5l35l84l55l94l67l77l', '2017-11-21 21:08:04'),
(30, 'F1', '//play.sport888.co/football/ShowLiveFootball/55l94l84l84l94l84l55l94l84ll5l77l86l/35ll5l84l35l94l94l55l94l65ll5ll5l84l55l94l67l77l', '2017-11-21 21:08:36'),
(31, 'F2', '//play.sport888.co/football/ShowLiveFootball/55l94l84l84l94l84l55l94l84ll5l77l86l/94l75l25l94l75l84a5l94l84l94l25l84l55l94l67l77l', '2017-11-21 21:08:51'),
(32, 'F3', '//play.sport888.co/football/ShowLiveFootball/55l94l84l84l94l84l55l94l84ll5l77l86l/25l94a5a5l84ll5ll5l84l45l94l75l84l55l94l67l77l', '2017-11-21 21:09:09'),
(33, 'FBE1', '//play.sport888.co/football/ShowLiveFootball/55l94l84l84l94l84l55l94l84ll5l77l86l/94l45a5l35l35ll5l35l94l35l84l75l84l55l94l67l77l', '2017-11-21 23:29:02'),
(34, 'FBE2', '//play.sport888.co/football/ShowLiveFootball/55l94l84l84l94l84l55l94l84ll5l77l86l/75l45l94a5ll5l35ll5ll5l94l94l75l84l55l94l67l77l', '2017-11-21 23:29:23'),
(35, 'FBE3', '//play.sport888.co/football/ShowLiveFootball/55l94l84l84l94l84l55l94l84ll5l77l86l/l5l84l45l84l94a5l94ll5l25l84l75l84l55l94l67l77l', '2017-11-21 23:29:41'),
(36, 'FBE4', '//play.sport888.co/football/ShowLiveFootball/55l94l84l84l94l84l55l94l84ll5l77l86l/45l45l75a5l55a5l94ll5l25l84l75l84l55l94l67l77l', '2017-11-21 23:29:57'),
(37, 'SN1', '//play.sport888.co/football/ShowLiveFootball/55l94l84l84l94l84l55l94l84ll5l77l86l/65l45l35l35a5l35l84ll5l65ll5l35l84l55l94l67l77l', '2017-11-21 23:30:20'),
(38, 'SN2', '//play.sport888.co/football/ShowLiveFootball/55l94l84l84l94l84l55l94l84ll5l77l86l/35l75ll5l25ll5ll5l94l94l94l84l25l84l55l94l67l77l', '2017-11-21 23:30:38'),
(39, 'SN3', '//play.sport888.co/football/ShowLiveFootball/55l94l84l84l94l84l55l94l84ll5l77l86l/94l84l45l25l84l84l94ll5l84ll5l35l84l55l94l67l77l', '2017-11-21 23:30:55'),
(40, 'SN4', '//play.sport888.co/football/ShowLiveFootball/55l94l84l84l94l84l55l94l84ll5l77l86l/65l45l65a5l55l94l35l94a5ll5l25l84l55l94l67l77l', '2017-11-21 23:31:12'),
(41, 'SN5', '//play.sport888.co/football/ShowLiveFootball/55l94l84l84l94l84l55l94l84ll5l77l86l/45l84l94a5l25l35l84ll5l84ll5l35l84l55l94l67l77l', '2017-11-21 23:31:26'),
(42, 'SN6', '//play.sport888.co/football/ShowLiveFootball/55l94l84l84l94l84l55l94l84ll5l77l86l/l5l25l55a5ll5l84l94ll5l45ll5l35l84l55l94l67l77l', '2017-11-21 23:31:42'),
(43, 'SNHD', '//play.sport888.co/football/ShowLiveFootball/55l94l84l84l94l84l55l94l84ll5l77l86l/65l84l84l35l45l94l94l94l94l84l25l84l55l94l67l77l', '2017-11-21 23:31:58'),
(44, 'SS2', '//play.sport888.co/football/ShowLiveFootball/55l94l84l84l94l84l55l94l84ll5l77l86l/15ll5a5l84a5ll5l94l94l94l84l25l84l55l94l67l77l', '2017-11-21 23:32:14'),
(45, 'SS3', '//play.sport888.co/football/ShowLiveFootball/55l94l84l84l94l84l55l94l84ll5l77l86l/35l35l25a5a5l25l94l94l94l84l25l84l55l94l67l77l', '2017-11-21 23:32:30'),
(46, 'SS5', '//play.sport888.co/football/ShowLiveFootball/55l94l84l84l94l84l55l94l84ll5l77l86l/15a5l84l84l45ll5l94l94l94l84l25l84l55l94l67l77l', '2017-11-21 23:32:46'),
(47, 'STV1', '//play.sport888.co/football/ShowLiveFootball/55l94l84l84l94l84l55l94l84ll5l77l86l/l5ll5ll5a5l75l35ll5ll5l25l84l75l84l55l94l67l77l', '2017-11-21 23:33:05'),
(48, 'STV2', '//play.sport888.co/football/ShowLiveFootball/55l94l84l84l94l84l55l94l84ll5l77l86l/45ll5l65l84l84l84a5ll5l25l84l75l84l55l94l67l77l', '2017-11-21 23:33:21'),
(49, 'STV3', '//play.sport888.co/football/ShowLiveFootball/55l94l84l84l94l84l55l94l84ll5l77l86l/75l84a5l94l25l35ll5ll5l94l94l75l84l55l94l67l77l', '2017-11-21 23:33:36'),
(50, 'T4U', '//play.sport888.co/football/ShowLiveFootball/55l94l84l84l94l84l55l94l84ll5l77l86l/15l55l84l84l94l94a5l94ll5l84l25l84l55l94l67l77l', '2017-11-21 23:33:55'),
(51, 'Be4', '//play.sport888.co/football/ShowLiveFootball/55l94l84l84l94l84l55l94l84ll5l77l86l/45l45l75a5l55a5l94ll5l25l84l75l84l55l94l67l77l', '2017-11-29 16:50:46'),
(52, 'Wait', 'https://www.youtube.com/embed/Da-BMgDRvYk', '2017-12-08 16:04:56'),
(63, 'FOX HD ', 'http://lineballsod.wowza40.sakkarinsai8.com:19364/lineballsod54/0x777_foxsport1_360p/playlist.m3u8?key=f447dd839e1ee3d53d7d19f8fa4d3f28', '2018-02-02 14:22:11');

-- --------------------------------------------------------

--
-- Table structure for table `league`
--

CREATE TABLE `league` (
  `lea_id` int(100) NOT NULL,
  `lea_name` varchar(255) NOT NULL,
  `lea_date` datetime NOT NULL
) ENGINE=InnoDB DEFAULT CHARSET=utf8;

--
-- Dumping data for table `league`
--

INSERT INTO `league` (`lea_id`, `lea_name`, `lea_date`) VALUES
(20, 'ยูฟ่า ยูโรป้าลีก', '2017-12-15 09:45:12'),
(21, 'ลาลีกา สเปน', '2017-12-15 09:45:23'),
(22, 'บุนเดสลีก้า เยอรมัน', '2017-12-15 09:45:39'),
(23, 'พรีเมียร์ลีกอังกฤษ', '2017-12-15 09:49:40'),
(24, 'แชมป์เปี้ยนชิฟ อังกฤษ', '2017-12-15 09:54:30'),
(25, 'กัลโช่ เซเรียอา อิตาลี', '2017-12-15 09:58:03'),
(26, 'ลีกเอิง ฝรั่งเศส', '2017-12-15 10:01:40'),
(27, 'ลีกา ซาเกรส โปรตุเกส', '2017-12-18 10:31:37'),
(28, 'ซุปเปอร์ลีตุรกี', '2017-12-18 10:43:12'),
(29, 'บุนเดสลีก้า2', '2017-12-18 10:46:26'),
(30, ' ลีกา 1 โรมาเนีย', '2017-12-18 10:47:31'),
(31, 'ลีกเดอซ์ ฝรั่งเศส', '2017-12-18 10:49:12'),
(32, 'เดเอฟเบ โพคาล เยอรมัน', '2017-12-19 08:52:56'),
(33, 'แคปิตอล วัน คัพ อังกฤษ', '2017-12-19 08:57:21'),
(34, 'เซกุนด้า ดิวิชั่นสเปน', '2017-12-19 09:46:04'),
(35, 'เอฟเอ คัพ', '2017-12-19 09:48:43'),
(36, 'คาราบาวคัพ', '2017-12-19 09:50:45'),
(38, ' กัลโช่ เซเรีย บี', '2017-12-21 09:41:39'),
(39, 'เซกุนด้า ดิวิชั่น สเปน', '2017-12-21 09:48:06'),
(40, 'จูปิแลร์ โปรลีก เบลเยียม', '2017-12-21 09:49:23'),
(41, 'ฮอลแลนด์พรีเมียร์', '2017-12-24 11:23:38'),
(42, ' ตุรกี ซุปเปอร์ลีก', '2017-12-24 11:26:20'),
(43, 'โคปา เดล เรย์ สเปน', '2018-01-08 16:07:07'),
(44, 'เฟร้นช์ ลีก คัพ', '2018-01-08 16:07:24'),
(45, 'โปรตุเกส ลีกา ซาเกรส', '2018-01-08 16:07:34'),
(46, ' เวลส์ พรีเมียร์ลีก', '2018-01-08 16:08:01'),
(47, 'อิสราเอล พรีเมียร์ลีก', '2018-01-08 16:08:25'),
(48, 'กรีซ คัพ', '2018-01-08 16:08:42'),
(49, 'ไอร์แลนด์เหนือ พรีเมียร์ลีก', '2018-01-08 16:08:59'),
(50, 'อังกฤษ จอห์นสโตนส์ เพนท์โทรฟี่', '2018-01-08 16:09:08'),
(51, 'เอฟ เอ โทรฟี่ อังกฤษ', '2018-01-08 16:09:19'),
(52, 'อังกฤษ คอนเฟอเรนช์', '2018-01-08 16:09:30'),
(54, ' คาราบาว คัพ อังกฤษ', '2018-01-09 15:49:12'),
(55, 'โปรตุเกส คัพ', '2018-01-09 15:58:28'),
(56, 'อังกฤษ คอนเฟอเรนช์ ลีกเหนือ', '2018-01-09 16:08:25'),
(57, 'กระชับมิตรทีมชาติ', '2018-01-10 13:34:18'),
(58, 'เอฟเอ คัพ อังกฤษ ', '2018-01-14 17:18:45'),
(59, 'เบลเยี่ยม คัพ', '2018-01-14 17:22:53'),
(60, 'ตุรกี คัพ', '2018-01-16 16:53:13'),
(61, ' แชมป์เปี้ยนชิพ อังกฤษ ', '2018-01-17 17:46:29'),
(62, 'England - Premier League', '2018-01-18 18:32:55'),
(63, 'England - Championship', '2018-01-18 18:41:47'),
(64, 'France - Ligue 1', '2018-01-18 18:49:38'),
(65, 'Germany - Bundesliga', '2018-01-18 18:50:26'),
(66, 'Netherlands - Eredivisie', '2018-01-18 18:50:38'),
(67, 'Spain - La Liga', '2018-01-18 18:50:44'),
(68, 'Coupe de France', '2018-01-21 15:26:53'),
(69, 'Scotland - Premiership', '2018-01-21 15:29:05'),
(70, 'Italy - Serie A', '2018-01-22 15:23:50'),
(71, 'Netherlands - Eredivisie', '2018-01-22 15:25:17'),
(72, ' เบลเยี่ยมโปรลีก', '2018-01-24 19:47:44'),
(73, 'ฮอลแลนด์ พรีเมียร์', '2018-01-26 09:46:38'),
(74, 'โปรตุเกส ลีกคัพ', '2018-01-26 09:50:21'),
(75, 'ลีก้า โปรตุเกส', '2018-01-26 23:37:43'),
(76, 'ฝรั่งเศส ลีก คัพ', '2018-01-28 11:26:05'),
(77, ' กัลโช่ เซเรียบี อิตาลี', '2018-02-01 08:25:38'),
(79, 'กัลโช่ เซเรีย อา (ITALY SERIE A)', '2018-02-01 12:04:36'),
(80, 'เดเอฟเบ โพคาล (GERMANY CUP)', '2018-02-02 12:39:24'),
(81, 'ลีก้า โปรตุเกส', '2018-02-02 12:42:35'),
(82, '(GERMANY CUP)', '2018-02-03 11:21:43'),
(83, '(SPAIN CUP)', '2018-02-03 11:23:40'),
(84, 'เดนมาร์ก ซุปเปอร์ลีก', '2018-02-08 09:55:03'),
(85, 'ลาลีก้า สเปน 2', '2018-02-08 10:07:59'),
(86, 'อิตาลี เซเรีย บี', '2018-02-10 16:06:44'),
(87, 'ยูฟ่า แชมเปี้ยน ลีก', '2018-02-11 11:57:32'),
(88, ' ยูฟ่า แชมเปี้ยนส์ลีก รอบแบ่งกลุ่ม', '2018-02-12 15:23:47'),
(89, 'เอเอฟซี คัพ ', '2018-02-12 15:26:15'),
(90, ' ลีกวัน อังกฤษ', '2018-02-13 10:15:33'),
(91, 'ลีกทู อังกฤษ', '2018-02-13 10:15:41'),
(92, 'ไอร์แลนด์ พรีเมียร์ลีก', '2018-02-15 09:07:05'),
(93, ' โรมาเนีย ดิวิชั่น1', '2018-02-15 09:12:36'),
(94, 'แชมป์เปี้ยนชิพ อังกฤษ', '2018-02-16 20:24:12'),
(95, 'ยูโรป้า ลีก', '2018-02-19 09:59:23'),
(96, 'โปรตุเกส ซุปเปอร์ลีก', '2018-02-21 10:01:45'),
(97, 'เบลเยี่ยมโปรลีก', '2018-02-22 09:54:53'),
(98, 'คาราบาว คัพ อังกฤษ', '2018-02-24 09:59:47'),
(99, 'เช็ค ดิวิชั่น1', '2018-02-25 10:26:55'),
(100, 'โรมาเนีย ดิวิชั่น1', '2018-02-25 10:28:12'),
(101, 'กรีช ซูปเปอร์ลีก', '2018-02-25 10:30:12'),
(102, 'กัลโช่ เซเรียบี อิตาลี', '2018-02-25 10:32:21'),
(103, ' เอฟเอ คัพ รอบ 16 ทีมสุดท้าย (นัดแข่งใหม่)', '2018-02-27 09:30:25'),
(104, 'โคปา อิตาเลีย คัพ', '2018-02-27 09:33:55'),
(105, 'ดัตช์ คัพ', '2018-02-27 09:37:41'),
(106, 'สวิต ซูเปอร์ ลีก', '2018-03-02 09:35:19'),
(107, 'สก็อตแลนด์ พรีเมียร์ลีก', '2018-03-02 09:36:28'),
(108, 'ตุรกี ซุปเปอร์ลีก', '2018-03-02 09:37:37'),
(109, ' กัลโช่ เซเรียบี อิตาลี', '2018-03-02 09:45:48'),
(110, 'โปรเเลนด์ ดิวิชั่น1', '2018-03-04 10:09:27'),
(111, 'เช็คคัพ', '2018-03-06 09:14:30'),
(112, 'เอเอฟซี แชมเปี้ยนลีก', '2018-03-06 09:17:18');

-- --------------------------------------------------------

--
-- Table structure for table `table_league`
--

CREATE TABLE `table_league` (
  `table_id` int(100) NOT NULL,
  `table_time` varchar(255) NOT NULL,
  `table_team1` varchar(255) NOT NULL,
  `table_team2` varchar(255) NOT NULL,
  `table_date` datetime NOT NULL,
  `lea_id` int(100) NOT NULL,
  `ch_id` int(100) NOT NULL
) ENGINE=InnoDB DEFAULT CHARSET=utf8;

--
-- Dumping data for table `table_league`
--

INSERT INTO `table_league` (`table_id`, `table_time`, `table_team1`, `table_team2`, `table_date`, `lea_id`, `ch_id`) VALUES
(2, '04.30', 'test2', 'test2', '2016-12-13 12:10:20', 2, 2),
(10, '20 Dec 2016 - (03:00 น.)', 'เอฟเวอร์ตัน', 'ลิเวอร์พูล', '2016-12-19 09:37:22', 3, 3),
(11, '26 Dec 2016 - (22:00 น.)', 'แมนเชสเตอร์ ยูไนเต็ด', 'ซันเดอร์แลนด์', '2016-12-23 14:29:31', 3, 7),
(12, '26 Dec 2016 - (22:00 น.)', 'เร้ดดิ้ง', 'นอริช', '2016-12-23 14:30:45', 6, 17),
(13, '26 Dec 2016 - (02:45 น.)', 'นิวคาสเซิล', 'เชฟฟิลด์ เว้นส์เดย์', '2016-12-23 14:31:23', 6, 16),
(15, '23 Dec 2016 - (23:30 น.)', 'ยูเวนตุส', 'เอซี มิลาน', '2016-12-23 14:45:15', 8, 11),
(16, '7 Jan 2017 - (02:55 น.)', 'เวสต์แฮม ยูไนเต็ด', 'แมนเชสเตอร์ ซิตี้', '2016-12-23 14:57:38', 3, 1),
(17, '8 Jan 2017 - (02:55 น.)', 'เปรสตัน', 'อาร์เซน่อล', '2016-12-23 14:59:53', 9, 1),
(18, '27 Dec 2016 - (19:30 น.)', 'ไบรจ์ตัน', 'ควีนส์พาร์ค', '2016-12-23 15:06:17', 6, 17),
(19, '27 Dec 2016 - (22:00 น.)', 'ดาร์บี้', 'เบอร์มิงแฮม', '2016-12-23 15:07:06', 6, 17),
(20, '29 Dec 2016 - (02:45 น.)', 'แอสตัน วิลล่า', 'ลีดส์', '2016-12-23 15:07:38', 6, 16),
(21, '00.00', 'Test 1', 'Test 2 ', '2017-11-21 20:43:21', 1, 18),
(159, '14 Dec 02:45', 'อาแจ็กซ์ อัมสเตอร์ดัม', 'เอ็กเซลซิเออร์', '2017-12-14 12:29:42', 18, 32),
(160, '15 Dec 02:30', 'มีนเซ่น กลัดบัก', 'ฮัมบูร์ก', '2017-12-14 12:30:20', 13, 30),
(161, '15 Dec 02:30', 'เชฟฟิลด์ เวนสเดย์', 'วูล์ฟแฮมป์ตัน', '2017-12-14 12:31:02', 11, 23),
(162, '15 Dec 03:00', 'ลาซิโอ้', 'ชิตตาเดลล่า', '2017-12-14 12:32:16', 19, 52),
(350, '9 Jan 2018 - (01:00 น.)', 'ฮาโปเอล เบียร์ เชว่า', 'บีไน เยฮูด้า', '2018-01-08 16:53:21', 53, 52),
(351, '9 Jan 2018 - (02:00 น.)', 'มัคคาบี้เทลอาวีฟ', 'มัคคาบี้ เนทันย่า', '2018-01-08 16:54:06', 53, 52),
(639, '03 Feb 2018 - (22:00 น.)', 'บอร์นมัธ ', 'สโต๊ค ซิตี้', '2018-02-02 10:05:54', 23, 55),
(659, '03 Feb 2018 - (21:30 น.)', 'ชาลเก้ ', 'เบรเมน', '2018-02-02 10:08:08', 22, 60),
(1267, '14 Mar 2018 - (00:00 น.)', 'เบซิคตัส', 'บาเยิร์น มิวนิค', '2018-03-13 09:01:16', 87, 34),
(1268, '14 Mar 2018 - (02:45 น.)', 'บาร์เซโลน่า', 'เชลซี', '2018-03-13 09:02:28', 87, 33),
(1269, '14 Mar 2018 - (00:00 น.)', 'ยูเวนตุส', 'อตาลันต้า', '2018-03-13 09:02:50', 25, 36),
(1270, '14 Mar 2018 - (22:59 น.)', 'ปารีส แซงต์ แชร์กแมง', 'อองเช่ร์', '2018-03-13 09:03:23', 26, 35),
(1271, '14 Mar 2018 - (00:45 น.)', 'ลัวซานนี สปอร์ท', 'บาเซิ่ล', '2018-03-13 09:04:13', 106, 52),
(1272, '14 Mar 2018 - (02:45 น.)', 'แบรดฟอร์ด', 'วีแกน แอธเลติก', '2018-03-13 09:05:49', 90, 52),
(1273, '15 Mar 2018 - (22:59 น.)', 'โลโคโมทีฟ มอสโก', 'แอตฯ มาดริด', '2018-03-14 09:10:22', 95, 35),
(1274, '15 Mar 2018 - (01:00 น.)', 'ดินาโม เคียฟ', 'ลาซิโอ้', '2018-03-14 09:10:50', 95, 34),
(1275, '15 Mar 2018 - (01:00 น.)', 'วิคตอเรีย พัลเซ่น', 'สปอร์ติ้ง ลิสบอน', '2018-03-14 09:11:37', 95, 35),
(1276, '15 Mar 2018 - (01:00 น.)', 'แอธเลติก บิลเบา', 'โอลิมปิก มาร์กเซย', '2018-03-14 09:12:02', 95, 33),
(1277, '15 Mar 2018 - (01:00 น.)', 'เซนิต', 'RB ไลป์ซิก', '2018-03-14 09:12:46', 95, 36),
(1278, '15 Mar 2018 - (03:05 น.)', 'เร้ดบูลล์ ซัลซ์บวร์ก', 'ดอร์ทมุนด์', '2018-03-14 09:13:50', 95, 36),
(1279, '15 Mar 2018 - (03:05 น.)', 'โอลิมปิก ลียง', 'ซีเอสเคเอ มอสโก', '2018-03-14 09:13:40', 95, 34),
(1280, '15 Mar 2018 - (03:05 น.)', 'อาร์เซน่อล', 'เอซี มิลาน', '2018-03-14 09:14:22', 95, 33),
(1281, '16 Mar 2018 - (02:30 น.)', 'ไฟร์บวร์ก', 'สตุ๊ตการ์ต', '2018-03-15 09:46:21', 22, 52),
(1282, '16 Mar 2018 - (03:00 น.)', 'เลบานเต้', 'เออิบาร์', '2018-03-15 09:46:53', 21, 34),
(1283, '16 Mar 2018 - (02:45 น.)', 'โมนาโก', 'ลีลล์', '2018-03-15 10:24:35', 26, 34),
(1284, '16 Mar 2018 - (02:00 น.)', 'เอ็กเซลซิเออร์', 'เดน ฮาก', '2018-03-15 09:49:06', 73, 52),
(1285, '16 Mar 2018 - (03:30 น.)', 'วิตอเรีย เซตูบัล', 'ปอร์ติโมเนนเซ่', '2018-03-15 09:50:30', 96, 52),
(1286, '16 Mar 2018 - (02:00 น.)', 'เกววีลย์', 'โอแซร์', '2018-03-15 09:51:29', 31, 52),
(1287, '16 Mar 2018 - (02:00 น.)', 'แกลร์กมงต์ ฟุต', 'น็องซี่', '2018-03-15 09:51:49', 31, 52),
(1288, '16 Mar 2018 - (02:00 น.)', 'แกลร์กมงต์ ฟุต', 'น็องซี่', '2018-03-15 09:52:10', 31, 52),
(1289, '16 Mar 2018 - (02:00 น.)', 'อฌักซิโอ้ GFCO', 'อฌักซิโอ้', '2018-03-15 09:53:04', 31, 52),
(1290, '16 Mar 2018 - (02:00 น.)', 'ลอริยองต์', 'โอร์แลงส์', '2018-03-15 09:53:24', 31, 52),
(1291, '16 Mar 2018 - (02:00 น.)', 'บูร์ก แปรองนาส', 'นิออร์ท', '2018-03-15 09:53:55', 31, 52),
(1292, '16 Mar 2018 - (02:00 น.)', 'โซโชซ์', 'ตูร์ แอฟเซ', '2018-03-15 09:54:16', 31, 52),
(1293, '16 Mar 2018 - (02:00 น.)', 'วาล็องเซียนส์', 'ปารีส เอฟซี', '2018-03-15 09:54:40', 31, 52),
(1294, '16 Mar 2018 - (02:00 น.)', 'ชาโตรูซ์', 'เลอ อาฟร์', '2018-03-15 09:55:19', 31, 52),
(1295, '16 Mar 2018 - (03:00 น.)', 'เซบีย่า B', 'อัลบาเซเต้', '2018-03-15 09:55:53', 85, 52),
(1296, '16 Mar 2018 - (02:30 น.)', 'ฟอกเจีย', 'เซเซน่า', '2018-03-15 09:56:32', 25, 52);

--
-- Indexes for dumped tables
--

--
-- Indexes for table `admin`
--
ALTER TABLE `admin`
  ADD PRIMARY KEY (`admin_id`);

--
-- Indexes for table `channel`
--
ALTER TABLE `channel`
  ADD PRIMARY KEY (`ch_id`);

--
-- Indexes for table `league`
--
ALTER TABLE `league`
  ADD PRIMARY KEY (`lea_id`);

--
-- Indexes for table `table_league`
--
ALTER TABLE `table_league`
  ADD PRIMARY KEY (`table_id`);

--
-- AUTO_INCREMENT for dumped tables
--

--
-- AUTO_INCREMENT for table `admin`
--
ALTER TABLE `admin`
  MODIFY `admin_id` int(100) NOT NULL AUTO_INCREMENT, AUTO_INCREMENT=2;

--
-- AUTO_INCREMENT for table `channel`
--
ALTER TABLE `channel`
  MODIFY `ch_id` int(100) NOT NULL AUTO_INCREMENT, AUTO_INCREMENT=64;

--
-- AUTO_INCREMENT for table `league`
--
ALTER TABLE `league`
  MODIFY `lea_id` int(100) NOT NULL AUTO_INCREMENT, AUTO_INCREMENT=113;

--
-- AUTO_INCREMENT for table `table_league`
--
ALTER TABLE `table_league`
  MODIFY `table_id` int(100) NOT NULL AUTO_INCREMENT, AUTO_INCREMENT=1297;
COMMIT;

/*!40101 SET CHARACTER_SET_CLIENT=@OLD_CHARACTER_SET_CLIENT */;
/*!40101 SET CHARACTER_SET_RESULTS=@OLD_CHARACTER_SET_RESULTS */;
/*!40101 SET COLLATION_CONNECTION=@OLD_COLLATION_CONNECTION */;
